Workbook

Sheet README
B1: PERAMALAN PERMINTAAN & KEBUTUHAN PERSEDIAAN
B2: SI Manajemen Rantai Pasok (24SIF502) — Penugasan Kelompok | Semua hasil memakai rumus dasar Excel
B4: SUMBER DATA
B5: Dataset Kaggle: “Shampoo Sales Dataset” (redwankarimsony/shampoo-saled-dataset, lisensi CC0) — penjualan sampo bulanan, Januari 2001 s.d. Desember 2003, 36 periode (syarat tugas: minimal 12 periode). URL Kaggle: https://www.kaggle.com/datasets/redwankarimsony/shampoo-saled-dataset
B6: Catatan kejujuran data: unduhan langsung dari Kaggle memerlukan login, sehingga file CSV yang dipakai di sini adalah seri yang nilainya identik dan sudah diverifikasi nilai per nilai terhadap seri tersebut. Kelompok dapat mengunduh ulang dari akun Kaggle masing-masing bila dosen meminta bukti unduhan.
B8: ASUMSI PERHITUNGAN (sel kuning = input, boleh diubah — seluruh hasil ikut berubah)
B9: Alpha Exponential Smoothing (α) | C9: 0.3 | D9: Bobot data terbaru; 0 < α < 1.
B10: Ramalan awal ES | C10: Aktual periode 1 | D10: Sesuai materi: ES membutuhkan ramalan awal.
B11: Jendela evaluasi | C11: Periode 4–36 (33 periode) | D11: Sama untuk semua metode agar adil (MA3 baru punya ramalan sejak periode 4).
B12: Biaya pesan S (Rp/pesanan) | C12: 100000 | D12: ASUMSI kelompok (bukan dari dosen) — sesuaikan bila ada data biaya riil.
B13: Harga per unit (Rp) | C13: 45000 | D13: ASUMSI kelompok — dasar biaya simpan.
B14: Biaya simpan H (Rp/unit/tahun) | C14: 9000 | D14: ASUMSI kelompok = 20% × harga per unit.
B15: Lead time (hari) | C15: 7 | D15: ASUMSI kelompok — waktu tunggu sejak pesan sampai barang datang.
B16: Tingkat layanan | C16: 0.95 | D16: ASUMSI kelompok — peluang tidak kehabisan stok.
B17: Z (dari tingkat layanan) | C17: =_xlfn.NORM.S.INV(C16) | D17: Rumus dasar Excel (NORM.S.INV).
B18: Hari per bulan (pembagi) | C18: 30 | D18: Konversi permintaan bulanan ke harian.
B20: KESIMPULAN (otomatis — terhubung ke sheet Perbandingan & Persediaan)
B21: Metode terbaik (MAPE terkecil) | C21: =Perbandingan!B12
B22: MAPE metode terbaik | C22: =Perbandingan!B15
B23: MAE metode terbaik (unit) | C23: =Perbandingan!B14
B24: Ramalan periode 37 / Jan 2004 (unit/bulan) | C24: =Perbandingan!B13
B25: EOQ — jumlah pesanan optimal (unit/pesanan) | C25: =Persediaan!E17
B26: Safety stock / stok aman (unit) | C26: =Persediaan!E18
B27: Reorder point / titik pesan kembali (unit) | C27: =Persediaan!E19
B29: Cara memakai: ubah sel kuning di atas bila kelompok memakai asumsi biaya/lead time/α yang berbeda, lalu seluruh ramalan, MAE/MAPE, EOQ, safety stock, dan ROP terhitung ulang otomatis. Jangan mengetik angka hasil secara manual di sheet lain — semua sel hasil berisi rumus.

Sheet Data
A1: DATA HISTORIS PENJUALAN — SAMPO (BULANAN)
A2: Sumber: dataset Kaggle “Shampoo Sales Dataset” (redwankarimsony/shampoo-saled-dataset). Satuan: unit.
A3: Periode | B3: Bulan | C3: Penjualan Aktual (unit)
A4: 1 | B4: Jan 2001 | C4: 266
A5: 2 | B5: Feb 2001 | C5: 145.9
A6: 3 | B6: Mar 2001 | C6: 183.1
A7: 4 | B7: Apr 2001 | C7: 119.3
A8: 5 | B8: Mei 2001 | C8: 180.3
A9: 6 | B9: Jun 2001 | C9: 168.5
A10: 7 | B10: Jul 2001 | C10: 231.8
A11: 8 | B11: Agu 2001 | C11: 224.5
A12: 9 | B12: Sep 2001 | C12: 192.8
A13: 10 | B13: Okt 2001 | C13: 122.9
A14: 11 | B14: Nov 2001 | C14: 336.5
A15: 12 | B15: Des 2001 | C15: 185.9
... A39: 36 | B39: Des 2003 | C39: 646.9
A40: Rata-rata | C40: =AVERAGE(C4:C39)
A41: Simpangan baku (STDEV.S) | C41: =_xlfn.STDEV.S(C4:C39)
A42: Jumlah periode | C42: =COUNT(C4:C39)

Sheet Peramalan
A1: PERAMALAN — 3 METODE (MOVING AVERAGE 3, EXPONENTIAL SMOOTHING α=0,3, REGRESI LINEAR)
A2: Rumus dasar: MA3 = AVERAGE 3 aktual terakhir; ES: F(t+1) = α·D(t) + (1−α)·F(t); Regresi: Ŷ = a + bX dengan a = INTERCEPT dan b = SLOPE. Error hanya dievaluasi pada periode 4–36.
A3: Periode | B3: Bulan | C3: Aktual (unit) | D3: Ramalan MA3 | E3: |Error| MA3 | F3: |Error|/Aktual MA3 | G3: Ramalan ES | H3: |Error| ES | I3: |Error|/Aktual ES | J3: Ramalan Regresi | K3: |Error| Regresi | L3: |Error|/Aktual Regresi
A4: =Data!A4 | B4: =Data!B4 | C4: =Data!C4 | E4: =IF(D4="","",ABS(C4-D4)) | F4: =IF(E4="","",E4/C4) | G4: =C4 | H4: =IF(G4="","",ABS(C4-G4)) | I4: =IF(H4="","",H4/C4) | J4: =Perbandingan!$B$9+Perbandingan!$B$10*A4 | K4: =IF(J4="","",ABS(C4-J4)) | L4: =IF(K4="","",K4/C4)
A5: =Data!A5 | B5: =Data!B5 | C5: =Data!C5 | E5: =IF(D5="","",ABS(C5-D5)) | F5: =IF(E5="","",E5/C5) | G5: =README!$C$9*C4+(1-README!$C$9)*G4 | H5: =IF(G5="","",ABS(C5-G5)) | I5: =IF(H5="","",H5/C5) | J5: =Perbandingan!$B$9+Perbandingan!$B$10*A5 | K5: =IF(J5="","",ABS(C5-J5)) | L5: =IF(K5="","",K5/C5)
A6: =Data!A6 | B6: =Data!B6 | C6: =Data!C6 | E6: =IF(D6="","",ABS(C6-D6)) | F6: =IF(E6="","",E6/C6) | G6: =README!$C$9*C5+(1-README!$C$9)*G5 | H6: =IF(G6="","",ABS(C6-G6)) | I6: =IF(H6="","",H6/C6) | J6: =Perbandingan!$B$9+Perbandingan!$B$10*A6 | K6: =IF(J6="","",ABS(C6-J6)) | L6: =IF(K6="","",K6/C6)
A7: =Data!A7 | B7: =Data!B7 | C7: =Data!C7 | D7: =AVERAGE(C4:C6) | E7: =IF(D7="","",ABS(C7-D7)) | F7: =IF(E7="","",E7/C7) | G7: =README!$C$9*C6+(1-README!$C$9)*G6 | H7: =IF(G7="","",ABS(C7-G7)) | I7: =IF(H7="","",H7/C7) | J7: =Perbandingan!$B$9+Perbandingan!$B$10*A7 | K7: =IF(J7="","",ABS(C7-J7)) | L7: =IF(K7="","",K7/C7)
A8: =Data!A8 | B8: =Data!B8 | C8: =Data!C8 | D8: =AVERAGE(C5:C7) | E8: =IF(D8="","",ABS(C8-D8)) | F8: =IF(E8="","",E8/C8) | G8: =README!$C$9*C7+(1-README!$C$9)*G7 | H8: =IF(G8="","",ABS(C8-G8)) | I8: =IF(H8="","",H8/C8) | J8: =Perbandingan!$B$9+Perbandingan!$B$10*A8 | K8: =IF(J8="","",ABS(C8-J8)) | L8: =IF(K8="","",K8/C8)
A9: =Data!A9 | B9: =Data!B9 | C9: =Data!C9 | D9: =AVERAGE(C6:C8) | E9: =IF(D9="","",ABS(C9-D9)) | F9: =IF(E9="","",E9/C9) | G9: =README!$C$9*C8+(1-README!$C$9)*G8 | H9: =IF(G9="","",ABS(C9-G9)) | I9: =IF(H9="","",H9/C9) | J9: =Perbandingan!$B$9+Perbandingan!$B$10*A9 | K9: =IF(J9="","",ABS(C9-J9)) | L9: =IF(K9="","",K9/C9)
A10: =Data!A10 | B10: =Data!B10 | C10: =Data!C10 | D10: =AVERAGE(C7:C9) | E10: =IF(D10="","",ABS(C10-D10)) | F10: =IF(E10="","",E10/C10) | G10: =README!$C$9*C9+(1-README!$C$9)*G9 | H10: =IF(G10="","",ABS(C10-G10)) | I10: =IF(H10="","",H10/C10) | J10: =Perbandingan!$B$9+Perbandingan!$B$10*A10 | K10: =IF(J10="","",ABS(C10-J10)) | L10: =IF(K10="","",K10/C10)
A11: =Data!A11 | B11: =Data!B11 | C11: =Data!C11 | D11: =AVERAGE(C8:C10) | E11: =IF(D11="","",ABS(C11-D11)) | F11: =IF(E11="","",E11/C11) | G11: =README!$C$9*C10+(1-README!$C$9)*G10 | H11: =IF(G11="","",ABS(C11-G11)) | I11: =IF(H11="","",H11/C11) | J11: =Perbandingan!$B$9+Perbandingan!$B$10*A11 | K11: =IF(J11="","",ABS(C11-J11)) | L11: =IF(K11="","",K11/C11)
A12: =Data!A12 | B12: =Data!B12 | C12: =Data!C12 | D12: =AVERAGE(C9:C11) | E12: =IF(D12="","",ABS(C12-D12)) | F12: =IF(E12="","",E12/C12) | G12: =README!$C$9*C11+(1-README!$C$9)*G11 | H12: =IF(G12="","",ABS(C12-G12)) | I12: =IF(H12="","",H12/C12) | J12: =Perbandingan!$B$9+Perbandingan!$B$10*A12 | K12: =IF(J12="","",ABS(C12-J12)) | L12: =IF(K12="","",K12/C12)
A13: =Data!A13 | B13: =Data!B13 | C13: =Data!C13 | D13: =AVERAGE(C10:C12) | E13: =IF(D13="","",ABS(C13-D13)) | F13: =IF(E13="","",E13/C13) | G13: =README!$C$9*C12+(1-README!$C$9)*G12 | H13: =IF(G13="","",ABS(C13-G13)) | I13: =IF(H13="","",H13/C13) | J13: =Perbandingan!$B$9+Perbandingan!$B$10*A13 | K13: =IF(J13="","",ABS(C13-J13)) | L13: =IF(K13="","",K13/C13)
A14: =Data!A14 | B14: =Data!B14 | C14: =Data!C14 | D14: =AVERAGE(C11:C13) | E14: =IF(D14="","",ABS(C14-D14)) | F14: =IF(E14="","",E14/C14) | G14: =README!$C$9*C13+(1-README!$C$9)*G13 | H14: =IF(G14="","",ABS(C14-G14)) | I14: =IF(H14="","",H14/C14) | J14: =Perbandingan!$B$9+Perbandingan!$B$10*A14 | K14: =IF(J14="","",ABS(C14-J14)) | L14: =IF(K14="","",K14/C14)
A15: =Data!A15 | B15: =Data!B15 | C15: =Data!C15 | D15: =AVERAGE(C12:C14) | E15: =IF(D15="","",ABS(C15-D15)) | F15: =IF(E15="","",E15/C15) | G15: =README!$C$9*C14+(1-README!$C$9)*G14 | H15: =IF(G15="","",ABS(C15-G15)) | I15: =IF(H15="","",H15/C15) | J15: =Perbandingan!$B$9+Perbandingan!$B$10*A15 | K15: =IF(J15="","",ABS(C15-J15)) | L15: =IF(K15="","",K15/C15)
A16: =Data!A16 | B16: =Data!B16 | C16: =Data!C16 | D16: =AVERAGE(C13:C15) | E16: =IF(D16="","",ABS(C16-D16)) | F16: =IF(E16="","",E16/C16) | G16: =README!$C$9*C15+(1-README!$C$9)*G15 | H16: =IF(G16="","",ABS(C16-G16)) | I16: =IF(H16="","",H16/C16) | J16: =Perbandingan!$B$9+Perbandingan!$B$10*A16 | K16: =IF(J16="","",ABS(C16-J16)) | L16: =IF(K16="","",K16/C16)
A17: =Data!A17 | B17: =Data!B17 | C17: =Data!C17 | D17: =AVERAGE(C14:C16) | E17: =IF(D17="","",ABS(C17-D17)) | F17: =IF(E17="","",E17/C17) | G17: =README!$C$9*C16+(1-README!$C$9)*G16 | H17: =IF(G17="","",ABS(C17-G17)) | I17: =IF(H17="","",H17/C17) | J17: =Perbandingan!$B$9+Perbandingan!$B$10*A17 | K17: =IF(J17="","",ABS(C17-J17)) | L17: =IF(K17="","",K17/C17)
A18: =Data!A18 | B18: =Data!B18 | C18: =Data!C18 | D18: =AVERAGE(C15:C17) | E18: =IF(D18="","",ABS(C18-D18)) | F18: =IF(E18="","",E18/C18) | G18: =README!$C$9*C17+(1-README!$C$9)*G17 | H18: =IF(G18="","",ABS(C18-G18)) | I18: =IF(H18="","",H18/C18) | J18: =Perbandingan!$B$9+Perbandingan!$B$10*A18 | K18: =IF(J18="","",ABS(C18-J18)) | L18: =IF(K18="","",K18/C18)
... A39: =Data!A39 | B39: =Data!B39 | C39: =Data!C39 | D39: =AVERAGE(C36:C38) | E39: =IF(D39="","",ABS(C39-D39)) | F39: =IF(E39="","",E39/C39) | G39: =README!$C$9*C38+(1-README!$C$9)*G38 | H39: =IF(G39="","",ABS(C39-G39)) | I39: =IF(H39="","",H39/C39) | J39: =Perbandingan!$B$9+Perbandingan!$B$10*A39 | K39: =IF(J39="","",ABS(C39-J39)) | L39: =IF(K39="","",K39/C39)
A40: 37 | B40: Jan 2004 | C40: belum terjadi | D40: =AVERAGE(C37:C39) | G40: =README!$C$9*C39+(1-README!$C$9)*G39 | J40: =Perbandingan!$B$9+Perbandingan!$B$10*A40

Sheet Perbandingan
A1: PERBANDINGAN METODE — MAE & MAPE (JENDLEA EVALUASI: PERIODE 4–36)
A2: MAE = AVERAGE |D − F| (satuan unit). MAPE = AVERAGE |D − F| / D (persentase). Metode terbaik = MAPE terkecil.
A3: Metode | B3: MAE (unit) | C3: MAPE | D3: Ramalan periode 37 (unit/bulan)
A4: Moving Average 3 (MA3) | B4: =AVERAGE(Peramalan!E7:E39) | C4: =AVERAGE(Peramalan!F7:F39) | D4: =Peramalan!D40
A5: Exponential Smoothing (α = 0,3) | B5: =AVERAGE(Peramalan!H7:H39) | C5: =AVERAGE(Peramalan!I7:I39) | D5: =Peramalan!G40
A6: Regresi Linear | B6: =AVERAGE(Peramalan!K7:K39) | C6: =AVERAGE(Peramalan!L7:L39) | D6: =Peramalan!J40
A8: Koefisien regresi (dari sheet Data)
A9: a (intersep) | B9: =INTERCEPT(Data!C4:C39,Data!A4:A39)
A10: b (slope, unit/bulan) | B10: =SLOPE(Data!C4:C39,Data!A4:A39)
A11: Persamaan tren: Ŷ = a + bX | B11: ="Ŷ = "&TEXT(B9,"0.00")&" + "&TEXT(B10,"0.00")&"X"
A12: Metode terbaik (MAPE terkecil) | B12: =INDEX(A4:A6,MATCH(MIN(C4:C6),C4:C6,0))
A13: Ramalan periode 37 metode terbaik (unit/bulan) | B13: =INDEX(D4:D6,MATCH(MIN(C4:C6),C4:C6,0))
A14: MAE metode terbaik (unit) | B14: =MIN(B4:B6)
A15: MAPE metode terbaik | B15: =MIN(C4:C6)
A17: Interpretasi: ketiga metode dibandingkan pada 33 periode yang sama. Regresi linear menang karena data memiliki tren naik yang jelas (slope positif): MA3 dan ES tertinggal dari tren, sedangkan regresi mengikutinya.

Sheet Persediaan
A1: KEBUTUHAN PERSEDIAAN — EOQ, SAFETY STOCK, ROP (DARI RAMALAN METODE TERBAIK)
A2: Rumus dasar: EOQ = SQRT(2·D·S/H); Safety stock = Z·σ·SQRT(L); ROP = d·L + safety stock.
A4: INPUT (terhubung otomatis — jangan ketik manual)
A5: Ramalan permintaan bulanan, metode terbaik (unit/bulan) | C5: =Perbandingan!B13
A6: Permintaan tahunan D (unit/tahun) = bulanan × 12 | C6: =C5*12
A7: Simpangan baku permintaan bulanan σ (unit) | C7: =Data!C41
A8: Biaya pesan S (Rp/pesanan) | C8: =README!C12
A9: Biaya simpan H (Rp/unit/tahun) | C9: =README!C14
A10: Lead time L (hari) | C10: =README!C15
A11: Lead time (bulan) = hari / 30 | C11: =C10/README!C18
A12: Z (tingkat layanan 95%) | C12: =README!C17
A13: Permintaan harian d (unit/hari) = bulanan / 30 | C13: =C5/README!C18
A15: HASIL
A16: Ukuran | C16: Nilai hitung | E16: Dibulatkan (unit)
A17: EOQ — jumlah pesanan optimal | C17: =SQRT(2*C6*C8/C9) | E17: =ROUNDUP(C17,0)
A18: Safety stock — stok aman | C18: =C12*C7*SQRT(C11) | E18: =ROUNDUP(C18,0)
A19: Reorder point (ROP) — titik pesan kembali | C19: =C13*C10+C18 | E19: =ROUNDUP(C19,0)
A20: Frekuensi pemesanan (kali/tahun) | C20: =C6/C17
A21: Jarak antar pesanan (hari) | C21: =365/C20
A22: Total biaya persediaan per tahun (Rp) | C22: =(C6/C17)*C8+(C17/2)*C9
A24: INTERPRETASI (kalimat otomatis — ikut berubah bila asumsi diubah)
A25: ="Pesan "&TEXT(E17,"0")&" unit setiap kali memesan (EOQ), sekitar "&TEXT(C20,"0.0")&" kali setahun."
A26: ="Sediakan stok aman "&TEXT(E18,"0")&" unit agar peluang kehabisan stok hanya 5% selama lead time."
A27: ="Segera pesan kembali saat stok turun ke "&TEXT(E19,"0")&" unit (ROP)."
